experiment,game,method,init_p1,init_p2,success,final_coop_min
basin,stag_hunt,standard_pg,0.05,0.05,0,0.010140724931868456
basin,stag_hunt,standard_pg,0.05,0.095,0,0.01072847414339064
basin,stag_hunt,standard_pg,0.05,0.14,0,0.010454783459769346
basin,stag_hunt,standard_pg,0.05,0.185,0,0.010211009621717112
basin,stag_hunt,standard_pg,0.05,0.22999999999999998,0,0.010628962401194384
basin,stag_hunt,standard_pg,0.05,0.27499999999999997,0,0.010680817471289942
basin,stag_hunt,standard_pg,0.05,0.32,0,0.010554369456812266
basin,stag_hunt,standard_pg,0.05,0.365,0,0.010854280299448718
basin,stag_hunt,standard_pg,0.05,0.41,0,0.010665155774402255
basin,stag_hunt,standard_pg,0.05,0.45499999999999996,0,0.010705220589550915
basin,stag_hunt,standard_pg,0.05,0.49999999999999994,0,0.011020067697911588
basin,stag_hunt,standard_pg,0.05,0.545,0,0.010922456178124389
basin,stag_hunt,standard_pg,0.05,0.5900000000000001,0,0.010878134567097977
basin,stag_hunt,standard_pg,0.05,0.635,0,0.010850624671578253
basin,stag_hunt,standard_pg,0.05,0.68,0,0.01156785694336547
basin,stag_hunt,standard_pg,0.05,0.725,0,0.012006546290641903
basin,stag_hunt,standard_pg,0.05,0.77,0,0.011300394330767486
basin,stag_hunt,standard_pg,0.05,0.8150000000000001,0,0.011902239270788038
basin,stag_hunt,standard_pg,0.05,0.86,0,0.01300113792110012
basin,stag_hunt,standard_pg,0.05,0.905,0,0.013281894823951505
basin,stag_hunt,standard_pg,0.05,0.95,0,0.020383320305913714
basin,stag_hunt,standard_pg,0.095,0.05,0,0.010554952335419357
basin,stag_hunt,standard_pg,0.095,0.095,0,0.011571176351926926
basin,stag_hunt,standard_pg,0.095,0.14,0,0.01158531258095994
basin,stag_hunt,standard_pg,0.095,0.185,0,0.011704656810835717
basin,stag_hunt,standard_pg,0.095,0.22999999999999998,0,0.012057755083929386
basin,stag_hunt,standard_pg,0.095,0.27499999999999997,0,0.012164046481854622
basin,stag_hunt,standard_pg,0.095,0.32,0,0.012169483363181594
basin,stag_hunt,standard_pg,0.095,0.365,0,0.012118928546283164
basin,stag_hunt,standard_pg,0.095,0.41,0,0.011769837685367246
basin,stag_hunt,standard_pg,0.095,0.45499999999999996,0,0.012618282969352076
basin,stag_hunt,standard_pg,0.095,0.49999999999999994,0,0.011784787099502283
basin,stag_hunt,standard_pg,0.095,0.545,0,0.0123714784135401
basin,stag_hunt,standard_pg,0.095,0.5900000000000001,0,0.012672379970923513
basin,stag_hunt,standard_pg,0.095,0.635,0,0.012462714144167695
basin,stag_hunt,standard_pg,0.095,0.68,0,0.012435351186166633
basin,stag_hunt,standard_pg,0.095,0.725,0,0.013094251579012674
basin,stag_hunt,standard_pg,0.095,0.77,0,0.013484692323847348
basin,stag_hunt,standard_pg,0.095,0.8150000000000001,0,0.013960986263237968
basin,stag_hunt,standard_pg,0.095,0.86,0,0.014721825103164877
basin,stag_hunt,standard_pg,0.095,0.905,0,0.015560170101116917
basin,stag_hunt,standard_pg,0.095,0.95,0,0.032390740177466744
basin,stag_hunt,standard_pg,0.14,0.05,0,0.010560596141868168
basin,stag_hunt,standard_pg,0.14,0.095,0,0.012194369224485004
basin,stag_hunt,standard_pg,0.14,0.14,0,0.012306128263277628
basin,stag_hunt,standard_pg,0.14,0.185,0,0.01248876981277123
basin,stag_hunt,standard_pg,0.14,0.22999999999999998,0,0.01242947096596537
basin,stag_hunt,standard_pg,0.14,0.27499999999999997,0,0.012426166951285672
basin,stag_hunt,standard_pg,0.14,0.32,0,0.012621088072694174
basin,stag_hunt,standard_pg,0.14,0.365,0,0.013097328022774126
basin,stag_hunt,standard_pg,0.14,0.41,0,0.013664908679664616
basin,stag_hunt,standard_pg,0.14,0.45499999999999996,0,0.012880140678914784
basin,stag_hunt,standard_pg,0.14,0.49999999999999994,0,0.012910613106933483
basin,stag_hunt,standard_pg,0.14,0.545,0,0.01354075460112771
basin,stag_hunt,standard_pg,0.14,0.5900000000000001,0,0.01300107042754799
basin,stag_hunt,standard_pg,0.14,0.635,0,0.013601596689538632
basin,stag_hunt,standard_pg,0.14,0.68,0,0.0137620326560081
basin,stag_hunt,standard_pg,0.14,0.725,0,0.014302498246986931
basin,stag_hunt,standard_pg,0.14,0.77,0,0.015762901044013174
basin,stag_hunt,standard_pg,0.14,0.8150000000000001,0,0.014684092733089259
basin,stag_hunt,standard_pg,0.14,0.86,0,0.017357220540922355
basin,stag_hunt,standard_pg,0.14,0.905,0,0.02051647151627027
basin,stag_hunt,standard_pg,0.14,0.95,0,0.3160664045587688
basin,stag_hunt,standard_pg,0.185,0.05,0,0.010228011935906457
basin,stag_hunt,standard_pg,0.185,0.095,0,0.012061342842509471
basin,stag_hunt,standard_pg,0.185,0.14,0,0.012072270007909678
basin,stag_hunt,standard_pg,0.185,0.185,0,0.01262310616306697
basin,stag_hunt,standard_pg,0.185,0.22999999999999998,0,0.013297151034596265
basin,stag_hunt,standard_pg,0.185,0.27499999999999997,0,0.013058228691730503
basin,stag_hunt,standard_pg,0.185,0.32,0,0.012937446186475628
basin,stag_hunt,standard_pg,0.185,0.365,0,0.013084850512014449
basin,stag_hunt,standard_pg,0.185,0.41,0,0.013232083947707854
basin,stag_hunt,standard_pg,0.185,0.45499999999999996,0,0.013243082485992033
basin,stag_hunt,standard_pg,0.185,0.49999999999999994,0,0.013333514035019698
basin,stag_hunt,standard_pg,0.185,0.545,0,0.014232306463851844
basin,stag_hunt,standard_pg,0.185,0.5900000000000001,0,0.014349737534819756
basin,stag_hunt,standard_pg,0.185,0.635,0,0.013810862979861026
basin,stag_hunt,standard_pg,0.185,0.68,0,0.014417745733385518
basin,stag_hunt,standard_pg,0.185,0.725,0,0.01522698831031476
basin,stag_hunt,standard_pg,0.185,0.77,0,0.014685946605066794
basin,stag_hunt,standard_pg,0.185,0.8150000000000001,0,0.015638913647030767
basin,stag_hunt,standard_pg,0.185,0.86,0,0.01677073871520516
basin,stag_hunt,standard_pg,0.185,0.905,0,0.021370529587918522
basin,stag_hunt,standard_pg,0.185,0.95,1,0.9452348048995566
basin,stag_hunt,standard_pg,0.22999999999999998,0.05,0,0.010305391138761633
basin,stag_hunt,standard_pg,0.22999999999999998,0.095,0,0.011877649673408215
basin,stag_hunt,standard_pg,0.22999999999999998,0.14,0,0.012292428070674913
basin,stag_hunt,standard_pg,0.22999999999999998,0.185,0,0.012940799848620465
basin,stag_hunt,standard_pg,0.22999999999999998,0.22999999999999998,0,0.013489855074364445
basin,stag_hunt,standard_pg,0.22999999999999998,0.27499999999999997,0,0.013412103581335115
basin,stag_hunt,standard_pg,0.22999999999999998,0.32,0,0.013733272018797494
basin,stag_hunt,standard_pg,0.22999999999999998,0.365,0,0.01387705291168341
basin,stag_hunt,standard_pg,0.22999999999999998,0.41,0,0.013144433855766665
basin,stag_hunt,standard_pg,0.22999999999999998,0.45499999999999996,0,0.013862023168137746
basin,stag_hunt,standard_pg,0.22999999999999998,0.49999999999999994,0,0.014239656322821204
basin,stag_hunt,standard_pg,0.22999999999999998,0.545,0,0.014465083405773366
basin,stag_hunt,standard_pg,0.22999999999999998,0.5900000000000001,0,0.015332347922845192
basin,stag_hunt,standard_pg,0.22999999999999998,0.635,0,0.014467290512495328
basin,stag_hunt,standard_pg,0.22999999999999998,0.68,0,0.01476661865917576
basin,stag_hunt,standard_pg,0.22999999999999998,0.725,0,0.015590177008991499
basin,stag_hunt,standard_pg,0.22999999999999998,0.77,0,0.015786928195055765
basin,stag_hunt,standard_pg,0.22999999999999998,0.8150000000000001,0,0.017235297370458768
basin,stag_hunt,standard_pg,0.22999999999999998,0.86,0,0.02794348858258367
basin,stag_hunt,standard_pg,0.22999999999999998,0.905,0,0.05108622946508837
basin,stag_hunt,standard_pg,0.22999999999999998,0.95,1,0.955437405977446
basin,stag_hunt,standard_pg,0.27499999999999997,0.05,0,0.01119841132728242
basin,stag_hunt,standard_pg,0.27499999999999997,0.095,0,0.011867679688209159
basin,stag_hunt,standard_pg,0.27499999999999997,0.14,0,0.012476611284618718
basin,stag_hunt,standard_pg,0.27499999999999997,0.185,0,0.013167253662281721
basin,stag_hunt,standard_pg,0.27499999999999997,0.22999999999999998,0,0.013681704904993755
basin,stag_hunt,standard_pg,0.27499999999999997,0.27499999999999997,0,0.013636893829248436
basin,stag_hunt,standard_pg,0.27499999999999997,0.32,0,0.013968751290497591
basin,stag_hunt,standard_pg,0.27499999999999997,0.365,0,0.013893967631582467
basin,stag_hunt,standard_pg,0.27499999999999997,0.41,0,0.013644810575788405
basin,stag_hunt,standard_pg,0.27499999999999997,0.45499999999999996,0,0.014622228906857384
basin,stag_hunt,standard_pg,0.27499999999999997,0.49999999999999994,0,0.014068564001007871
basin,stag_hunt,standard_pg,0.27499999999999997,0.545,0,0.013850648083472243
basin,stag_hunt,standard_pg,0.27499999999999997,0.5900000000000001,0,0.015620107176863629
basin,stag_hunt,standard_pg,0.27499999999999997,0.635,0,0.015397751607484269
basin,stag_hunt,standard_pg,0.27499999999999997,0.68,0,0.014937078646547853
basin,stag_hunt,standard_pg,0.27499999999999997,0.725,0,0.016030484126727515
basin,stag_hunt,standard_pg,0.27499999999999997,0.77,0,0.01603494822131018
basin,stag_hunt,standard_pg,0.27499999999999997,0.8150000000000001,0,0.01721516814935079
basin,stag_hunt,standard_pg,0.27499999999999997,0.86,0,0.02032868108758203
basin,stag_hunt,standard_pg,0.27499999999999997,0.905,0,0.041513011754090764
basin,stag_hunt,standard_pg,0.27499999999999997,0.95,1,0.9581288163684003
basin,stag_hunt,standard_pg,0.32,0.05,0,0.010967723482710303
basin,stag_hunt,standard_pg,0.32,0.095,0,0.01227715997702562
basin,stag_hunt,standard_pg,0.32,0.14,0,0.013221167962682821
basin,stag_hunt,standard_pg,0.32,0.185,0,0.013964235688434462
basin,stag_hunt,standard_pg,0.32,0.22999999999999998,0,0.013137217986131182
basin,stag_hunt,standard_pg,0.32,0.27499999999999997,0,0.01376143310234401
basin,stag_hunt,standard_pg,0.32,0.32,0,0.013951184275534871
basin,stag_hunt,standard_pg,0.32,0.365,0,0.013963496731343394
basin,stag_hunt,standard_pg,0.32,0.41,0,0.014479933102752314
basin,stag_hunt,standard_pg,0.32,0.45499999999999996,0,0.014850503798332826
basin,stag_hunt,standard_pg,0.32,0.49999999999999994,0,0.014494422189548283
basin,stag_hunt,standard_pg,0.32,0.545,0,0.014831888747853274
basin,stag_hunt,standard_pg,0.32,0.5900000000000001,0,0.015158365388558857
basin,stag_hunt,standard_pg,0.32,0.635,0,0.01508237533389388
basin,stag_hunt,standard_pg,0.32,0.68,0,0.01617785345313201
basin,stag_hunt,standard_pg,0.32,0.725,0,0.01846533603349616
basin,stag_hunt,standard_pg,0.32,0.77,0,0.017151614960897843
basin,stag_hunt,standard_pg,0.32,0.8150000000000001,0,0.017516472942122142
basin,stag_hunt,standard_pg,0.32,0.86,0,0.018154969428494802
basin,stag_hunt,standard_pg,0.32,0.905,1,0.925710540805989
basin,stag_hunt,standard_pg,0.32,0.95,1,0.9576995756285352
basin,stag_hunt,standard_pg,0.365,0.05,0,0.010847765423261366
basin,stag_hunt,standard_pg,0.365,0.095,0,0.012535993370328605
basin,stag_hunt,standard_pg,0.365,0.14,0,0.012687256926334958
basin,stag_hunt,standard_pg,0.365,0.185,0,0.013329770741706111
basin,stag_hunt,standard_pg,0.365,0.22999999999999998,0,0.013753972274810409
basin,stag_hunt,standard_pg,0.365,0.27499999999999997,0,0.013837720899676076
basin,stag_hunt,standard_pg,0.365,0.32,0,0.013878772764239843
basin,stag_hunt,standard_pg,0.365,0.365,0,0.014507009458663034
basin,stag_hunt,standard_pg,0.365,0.41,0,0.014246062122237089
basin,stag_hunt,standard_pg,0.365,0.45499999999999996,0,0.015064538489228377
basin,stag_hunt,standard_pg,0.365,0.49999999999999994,0,0.014397796541119919
basin,stag_hunt,standard_pg,0.365,0.545,0,0.015790604337293755
basin,stag_hunt,standard_pg,0.365,0.5900000000000001,0,0.015755493407494974
basin,stag_hunt,standard_pg,0.365,0.635,0,0.01570769026872802
basin,stag_hunt,standard_pg,0.365,0.68,0,0.014921646477398515
basin,stag_hunt,standard_pg,0.365,0.725,0,0.01691314596328691
basin,stag_hunt,standard_pg,0.365,0.77,0,0.01892299194867987
basin,stag_hunt,standard_pg,0.365,0.8150000000000001,0,0.0185059781469035
basin,stag_hunt,standard_pg,0.365,0.86,0,0.021530174973222047
basin,stag_hunt,standard_pg,0.365,0.905,1,0.9418131788929819
basin,stag_hunt,standard_pg,0.365,0.95,1,0.9666185301974436
basin,stag_hunt,standard_pg,0.41,0.05,0,0.010808394991134548
basin,stag_hunt,standard_pg,0.41,0.095,0,0.011733683231029893
basin,stag_hunt,standard_pg,0.41,0.14,0,0.013243957952928782
basin,stag_hunt,standard_pg,0.41,0.185,0,0.013477040945161734
basin,stag_hunt,standard_pg,0.41,0.22999999999999998,0,0.013624711330064838
basin,stag_hunt,standard_pg,0.41,0.27499999999999997,0,0.014714187342000582
basin,stag_hunt,standard_pg,0.41,0.32,0,0.014692272231889096
basin,stag_hunt,standard_pg,0.41,0.365,0,0.013863434131589672
basin,stag_hunt,standard_pg,0.41,0.41,0,0.014529140199495194
basin,stag_hunt,standard_pg,0.41,0.45499999999999996,0,0.01578463226721471
basin,stag_hunt,standard_pg,0.41,0.49999999999999994,0,0.01492304703103419
basin,stag_hunt,standard_pg,0.41,0.545,0,0.014797482629517595
basin,stag_hunt,standard_pg,0.41,0.5900000000000001,0,0.015641579755270228
basin,stag_hunt,standard_pg,0.41,0.635,0,0.015208946560041165
basin,stag_hunt,standard_pg,0.41,0.68,0,0.017199991366379667
basin,stag_hunt,standard_pg,0.41,0.725,0,0.016957360271499935
basin,stag_hunt,standard_pg,0.41,0.77,0,0.020888945536758092
basin,stag_hunt,standard_pg,0.41,0.8150000000000001,0,0.019367112667631924
basin,stag_hunt,standard_pg,0.41,0.86,1,0.9406041981720653
basin,stag_hunt,standard_pg,0.41,0.905,1,0.9487086654982935
basin,stag_hunt,standard_pg,0.41,0.95,1,0.9650288293242004
basin,stag_hunt,standard_pg,0.45499999999999996,0.05,0,0.011007032416055086
basin,stag_hunt,standard_pg,0.45499999999999996,0.095,0,0.01276286405911364
basin,stag_hunt,standard_pg,0.45499999999999996,0.14,0,0.013053764211172486
basin,stag_hunt,standard_pg,0.45499999999999996,0.185,0,0.013150770709243927
basin,stag_hunt,standard_pg,0.45499999999999996,0.22999999999999998,0,0.013102264174168038
basin,stag_hunt,standard_pg,0.45499999999999996,0.27499999999999997,0,0.0148881518740558
basin,stag_hunt,standard_pg,0.45499999999999996,0.32,0,0.01424214197690809
basin,stag_hunt,standard_pg,0.45499999999999996,0.365,0,0.014776414142946769
basin,stag_hunt,standard_pg,0.45499999999999996,0.41,0,0.01523848144613191
basin,stag_hunt,standard_pg,0.45499999999999996,0.45499999999999996,0,0.015102031884026066
basin,stag_hunt,standard_pg,0.45499999999999996,0.49999999999999994,0,0.015045634602498057
basin,stag_hunt,standard_pg,0.45499999999999996,0.545,0,0.015290768901379885
basin,stag_hunt,standard_pg,0.45499999999999996,0.5900000000000001,0,0.01563889758326585
basin,stag_hunt,standard_pg,0.45499999999999996,0.635,0,0.017744295731876428
basin,stag_hunt,standard_pg,0.45499999999999996,0.68,0,0.020242870855155578
basin,stag_hunt,standard_pg,0.45499999999999996,0.725,0,0.017053095448640775
basin,stag_hunt,standard_pg,0.45499999999999996,0.77,0,0.021871423639016653
basin,stag_hunt,standard_pg,0.45499999999999996,0.8150000000000001,1,0.93061965750342
basin,stag_hunt,standard_pg,0.45499999999999996,0.86,1,0.9465200889135427
basin,stag_hunt,standard_pg,0.45499999999999996,0.905,1,0.9574028392213807
basin,stag_hunt,standard_pg,0.45499999999999996,0.95,1,0.9713467983533913
basin,stag_hunt,standard_pg,0.49999999999999994,0.05,0,0.010945747900228979
basin,stag_hunt,standard_pg,0.49999999999999994,0.095,0,0.012386727668775037
basin,stag_hunt,standard_pg,0.49999999999999994,0.14,0,0.013224026076928673
basin,stag_hunt,standard_pg,0.49999999999999994,0.185,0,0.013453146947121469
basin,stag_hunt,standard_pg,0.49999999999999994,0.22999999999999998,0,0.014351594538845406
basin,stag_hunt,standard_pg,0.49999999999999994,0.27499999999999997,0,0.013997117410121664
basin,stag_hunt,standard_pg,0.49999999999999994,0.32,0,0.01516058771251949
basin,stag_hunt,standard_pg,0.49999999999999994,0.365,0,0.015497311923633407
basin,stag_hunt,standard_pg,0.49999999999999994,0.41,0,0.015283778877765282
basin,stag_hunt,standard_pg,0.49999999999999994,0.45499999999999996,0,0.015113124543579774
basin,stag_hunt,standard_pg,0.49999999999999994,0.49999999999999994,0,0.015670252251430317
basin,stag_hunt,standard_pg,0.49999999999999994,0.545,0,0.015701716024423665
basin,stag_hunt,standard_pg,0.49999999999999994,0.5900000000000001,0,0.017472263329997368
basin,stag_hunt,standard_pg,0.49999999999999994,0.635,0,0.015552991321210791
basin,stag_hunt,standard_pg,0.49999999999999994,0.68,0,0.01920193057762972
basin,stag_hunt,standard_pg,0.49999999999999994,0.725,0,0.018670630703154514
basin,stag_hunt,standard_pg,0.49999999999999994,0.77,1,0.8633405661488596
basin,stag_hunt,standard_pg,0.49999999999999994,0.8150000000000001,0,0.042381605343472704
basin,stag_hunt,standard_pg,0.49999999999999994,0.86,1,0.955235072722873
basin,stag_hunt,standard_pg,0.49999999999999994,0.905,1,0.9614749032004889
basin,stag_hunt,standard_pg,0.49999999999999994,0.95,1,0.9655607572427171
basin,stag_hunt,standard_pg,0.545,0.05,0,0.010906138403189906
basin,stag_hunt,standard_pg,0.545,0.095,0,0.013001245783829177
basin,stag_hunt,standard_pg,0.545,0.14,0,0.013624671179513322
basin,stag_hunt,standard_pg,0.545,0.185,0,0.013755092010779893
basin,stag_hunt,standard_pg,0.545,0.22999999999999998,0,0.014533814735252558
basin,stag_hunt,standard_pg,0.545,0.27499999999999997,0,0.014604184930446544
basin,stag_hunt,standard_pg,0.545,0.32,0,0.014595677463087826
basin,stag_hunt,standard_pg,0.545,0.365,0,0.014851625004693302
basin,stag_hunt,standard_pg,0.545,0.41,0,0.015140364461812337
basin,stag_hunt,standard_pg,0.545,0.45499999999999996,0,0.016092419619152778
basin,stag_hunt,standard_pg,0.545,0.49999999999999994,0,0.01599664218849533
basin,stag_hunt,standard_pg,0.545,0.545,0,0.016950426535960655
basin,stag_hunt,standard_pg,0.545,0.5900000000000001,0,0.018218248308450233
basin,stag_hunt,standard_pg,0.545,0.635,0,0.018004225781200707
basin,stag_hunt,standard_pg,0.545,0.68,0,0.02278277569266179
basin,stag_hunt,standard_pg,0.545,0.725,0,0.024824700442633643
basin,stag_hunt,standard_pg,0.545,0.77,0,0.046521521526982273
basin,stag_hunt,standard_pg,0.545,0.8150000000000001,1,0.9607640075537034
basin,stag_hunt,standard_pg,0.545,0.86,1,0.9604628711983411
basin,stag_hunt,standard_pg,0.545,0.905,1,0.96837556641358
basin,stag_hunt,standard_pg,0.545,0.95,1,0.969667090344442
basin,stag_hunt,standard_pg,0.5900000000000001,0.05,0,0.01067864998460405
basin,stag_hunt,standard_pg,0.5900000000000001,0.095,0,0.013001266191687216
basin,stag_hunt,standard_pg,0.5900000000000001,0.14,0,0.013167398957532626
basin,stag_hunt,standard_pg,0.5900000000000001,0.185,0,0.014533573614178157
basin,stag_hunt,standard_pg,0.5900000000000001,0.22999999999999998,0,0.014096367221288826
basin,stag_hunt,standard_pg,0.5900000000000001,0.27499999999999997,0,0.01426067617413162
basin,stag_hunt,standard_pg,0.5900000000000001,0.32,0,0.01529654667166134
basin,stag_hunt,standard_pg,0.5900000000000001,0.365,0,0.015746153021197074
basin,stag_hunt,standard_pg,0.5900000000000001,0.41,0,0.015223156872984846
basin,stag_hunt,standard_pg,0.5900000000000001,0.45499999999999996,0,0.015276869712618447
basin,stag_hunt,standard_pg,0.5900000000000001,0.49999999999999994,0,0.016787928819852995
basin,stag_hunt,standard_pg,0.5900000000000001,0.545,0,0.01720838692692945
basin,stag_hunt,standard_pg,0.5900000000000001,0.5900000000000001,0,0.017141294116894443
basin,stag_hunt,standard_pg,0.5900000000000001,0.635,0,0.019900698408481927
basin,stag_hunt,standard_pg,0.5900000000000001,0.68,1,0.940721062885094
basin,stag_hunt,standard_pg,0.5900000000000001,0.725,0,0.05038533893426786
basin,stag_hunt,standard_pg,0.5900000000000001,0.77,1,0.9599499420925323
basin,stag_hunt,standard_pg,0.5900000000000001,0.8150000000000001,1,0.9446664785409673
basin,stag_hunt,standard_pg,0.5900000000000001,0.86,1,0.9492902810901611
basin,stag_hunt,standard_pg,0.5900000000000001,0.905,1,0.9670293168865335
basin,stag_hunt,standard_pg,0.5900000000000001,0.95,1,0.959324994473361
basin,stag_hunt,standard_pg,0.635,0.05,0,0.011226611635997585
basin,stag_hunt,standard_pg,0.635,0.095,0,0.013366467913993148
basin,stag_hunt,standard_pg,0.635,0.14,0,0.013181148317063369
basin,stag_hunt,standard_pg,0.635,0.185,0,0.013814854888529158
basin,stag_hunt,standard_pg,0.635,0.22999999999999998,0,0.014882260224927847
basin,stag_hunt,standard_pg,0.635,0.27499999999999997,0,0.014876945706115727
basin,stag_hunt,standard_pg,0.635,0.32,0,0.015038358566725824
basin,stag_hunt,standard_pg,0.635,0.365,0,0.01508148989696758
basin,stag_hunt,standard_pg,0.635,0.41,0,0.01731111190391534
basin,stag_hunt,standard_pg,0.635,0.45499999999999996,0,0.01706484865348493
basin,stag_hunt,standard_pg,0.635,0.49999999999999994,0,0.018056037162718093
basin,stag_hunt,standard_pg,0.635,0.545,0,0.018297080834504487
basin,stag_hunt,standard_pg,0.635,0.5900000000000001,0,0.018158336182071567
basin,stag_hunt,standard_pg,0.635,0.635,0,0.02132888131821514
basin,stag_hunt,standard_pg,0.635,0.68,0,0.022245339985828047
basin,stag_hunt,standard_pg,0.635,0.725,1,0.9539288601750098
basin,stag_hunt,standard_pg,0.635,0.77,1,0.9561590621769696
basin,stag_hunt,standard_pg,0.635,0.8150000000000001,1,0.9599765286368135
basin,stag_hunt,standard_pg,0.635,0.86,1,0.9671060491177005
basin,stag_hunt,standard_pg,0.635,0.905,1,0.9671055089142896
basin,stag_hunt,standard_pg,0.635,0.95,1,0.9680442578409929
basin,stag_hunt,standard_pg,0.68,0.05,0,0.01085928577500323
basin,stag_hunt,standard_pg,0.68,0.095,0,0.012705790732173969
basin,stag_hunt,standard_pg,0.68,0.14,0,0.01379022786544051
basin,stag_hunt,standard_pg,0.68,0.185,0,0.01459776933886619
basin,stag_hunt,standard_pg,0.68,0.22999999999999998,0,0.015212319564340207
basin,stag_hunt,standard_pg,0.68,0.27499999999999997,0,0.015521404920566017
basin,stag_hunt,standard_pg,0.68,0.32,0,0.015270909525563661
basin,stag_hunt,standard_pg,0.68,0.365,0,0.016561411970268572
basin,stag_hunt,standard_pg,0.68,0.41,0,0.017325908989266333
basin,stag_hunt,standard_pg,0.68,0.45499999999999996,0,0.017194042850206894
basin,stag_hunt,standard_pg,0.68,0.49999999999999994,0,0.02132011054275572
basin,stag_hunt,standard_pg,0.68,0.545,0,0.0179427676558519
basin,stag_hunt,standard_pg,0.68,0.5900000000000001,0,0.0315065342134778
basin,stag_hunt,standard_pg,0.68,0.635,1,0.956217129661062
basin,stag_hunt,standard_pg,0.68,0.68,1,0.9356116044945151
basin,stag_hunt,standard_pg,0.68,0.725,0,0.042635539962876806
basin,stag_hunt,standard_pg,0.68,0.77,1,0.9612216863972167
basin,stag_hunt,standard_pg,0.68,0.8150000000000001,1,0.9585300231064673
basin,stag_hunt,standard_pg,0.68,0.86,1,0.9598048205850338
basin,stag_hunt,standard_pg,0.68,0.905,1,0.9688964802670395
basin,stag_hunt,standard_pg,0.68,0.95,1,0.9691871666109624
basin,stag_hunt,standard_pg,0.725,0.05,0,0.012113338587510854
basin,stag_hunt,standard_pg,0.725,0.095,0,0.012658100700788023
basin,stag_hunt,standard_pg,0.725,0.14,0,0.013744579883545454
basin,stag_hunt,standard_pg,0.725,0.185,0,0.014527313977527769
basin,stag_hunt,standard_pg,0.725,0.22999999999999998,0,0.016348767773967616
basin,stag_hunt,standard_pg,0.725,0.27499999999999997,0,0.015440089100058013
basin,stag_hunt,standard_pg,0.725,0.32,0,0.015859828941646475
basin,stag_hunt,standard_pg,0.725,0.365,0,0.016290563172925758
basin,stag_hunt,standard_pg,0.725,0.41,0,0.01808702646637098
basin,stag_hunt,standard_pg,0.725,0.45499999999999996,0,0.018157917285601944
basin,stag_hunt,standard_pg,0.725,0.49999999999999994,0,0.09352048418215611
basin,stag_hunt,standard_pg,0.725,0.545,0,0.021557475415999165
basin,stag_hunt,standard_pg,0.725,0.5900000000000001,1,0.8576978440788493
basin,stag_hunt,standard_pg,0.725,0.635,1,0.9364389969182426
basin,stag_hunt,standard_pg,0.725,0.68,1,0.9376347648638063
basin,stag_hunt,standard_pg,0.725,0.725,1,0.9548533926655568
basin,stag_hunt,standard_pg,0.725,0.77,1,0.9648585760084376
basin,stag_hunt,standard_pg,0.725,0.8150000000000001,1,0.9595053896125183
basin,stag_hunt,standard_pg,0.725,0.86,1,0.968502373598005
basin,stag_hunt,standard_pg,0.725,0.905,1,0.9642385711065893
basin,stag_hunt,standard_pg,0.725,0.95,1,0.9682511541990527
basin,stag_hunt,standard_pg,0.77,0.05,0,0.011456214802412509
basin,stag_hunt,standard_pg,0.77,0.095,0,0.012708441841848035
basin,stag_hunt,standard_pg,0.77,0.14,0,0.014071163323868081
basin,stag_hunt,standard_pg,0.77,0.185,0,0.014843819447761739
basin,stag_hunt,standard_pg,0.77,0.22999999999999998,0,0.01652019058933138
basin,stag_hunt,standard_pg,0.77,0.27499999999999997,0,0.016782907137776512
basin,stag_hunt,standard_pg,0.77,0.32,0,0.01749252674693651
basin,stag_hunt,standard_pg,0.77,0.365,0,0.023407849509560087
basin,stag_hunt,standard_pg,0.77,0.41,0,0.020048695700607626
basin,stag_hunt,standard_pg,0.77,0.45499999999999996,0,0.03392686911599728
basin,stag_hunt,standard_pg,0.77,0.49999999999999994,0,0.27594255620267516
basin,stag_hunt,standard_pg,0.77,0.545,1,0.9365934046652704
basin,stag_hunt,standard_pg,0.77,0.5900000000000001,0,0.02286030958062315
basin,stag_hunt,standard_pg,0.77,0.635,1,0.9539963053063434
basin,stag_hunt,standard_pg,0.77,0.68,1,0.9509810316816142
basin,stag_hunt,standard_pg,0.77,0.725,1,0.9627147535218644
basin,stag_hunt,standard_pg,0.77,0.77,1,0.9591775781233886
basin,stag_hunt,standard_pg,0.77,0.8150000000000001,1,0.9679250262252854
basin,stag_hunt,standard_pg,0.77,0.86,1,0.9715420111151049
basin,stag_hunt,standard_pg,0.77,0.905,1,0.9722770794704285
basin,stag_hunt,standard_pg,0.77,0.95,1,0.9694288979144764
basin,stag_hunt,standard_pg,0.8150000000000001,0.05,0,0.013210385024760015
basin,stag_hunt,standard_pg,0.8150000000000001,0.095,0,0.013339417298464438
basin,stag_hunt,standard_pg,0.8150000000000001,0.14,0,0.015172051699974176
basin,stag_hunt,standard_pg,0.8150000000000001,0.185,0,0.015385602445049608
basin,stag_hunt,standard_pg,0.8150000000000001,0.22999999999999998,0,0.01666372065207062
basin,stag_hunt,standard_pg,0.8150000000000001,0.27499999999999997,0,0.018566755799752612
basin,stag_hunt,standard_pg,0.8150000000000001,0.32,0,0.021116913072071582
basin,stag_hunt,standard_pg,0.8150000000000001,0.365,0,0.02028287918542969
basin,stag_hunt,standard_pg,0.8150000000000001,0.41,1,0.9380511969546632
basin,stag_hunt,standard_pg,0.8150000000000001,0.45499999999999996,1,0.9551671423403929
basin,stag_hunt,standard_pg,0.8150000000000001,0.49999999999999994,1,0.9447452088806398
basin,stag_hunt,standard_pg,0.8150000000000001,0.545,1,0.9593440225655068
basin,stag_hunt,standard_pg,0.8150000000000001,0.5900000000000001,1,0.9610335571579556
basin,stag_hunt,standard_pg,0.8150000000000001,0.635,1,0.9592056539599817
basin,stag_hunt,standard_pg,0.8150000000000001,0.68,1,0.9584687522668103
basin,stag_hunt,standard_pg,0.8150000000000001,0.725,1,0.9622948118776126
basin,stag_hunt,standard_pg,0.8150000000000001,0.77,1,0.9656833865781619
basin,stag_hunt,standard_pg,0.8150000000000001,0.8150000000000001,1,0.9683713124021858
basin,stag_hunt,standard_pg,0.8150000000000001,0.86,1,0.9679548259554693
basin,stag_hunt,standard_pg,0.8150000000000001,0.905,1,0.9714367457059616
basin,stag_hunt,standard_pg,0.8150000000000001,0.95,1,0.977459876642978
basin,stag_hunt,standard_pg,0.86,0.05,0,0.01281759582079816
basin,stag_hunt,standard_pg,0.86,0.095,0,0.013206667384278835
basin,stag_hunt,standard_pg,0.86,0.14,0,0.01741216540570898
basin,stag_hunt,standard_pg,0.86,0.185,0,0.016514798565692997
basin,stag_hunt,standard_pg,0.86,0.22999999999999998,0,0.01686312858504869
basin,stag_hunt,standard_pg,0.86,0.27499999999999997,0,0.019957949995293267
basin,stag_hunt,standard_pg,0.86,0.32,0,0.02389846332170979
basin,stag_hunt,standard_pg,0.86,0.365,1,0.9300191616686009
basin,stag_hunt,standard_pg,0.86,0.41,0,0.021214957176153054
basin,stag_hunt,standard_pg,0.86,0.45499999999999996,1,0.9396138087506515
basin,stag_hunt,standard_pg,0.86,0.49999999999999994,0,0.025713095709778023
basin,stag_hunt,standard_pg,0.86,0.545,1,0.9572935939527609
basin,stag_hunt,standard_pg,0.86,0.5900000000000001,1,0.9517628264661396
basin,stag_hunt,standard_pg,0.86,0.635,1,0.9613040285183618
basin,stag_hunt,standard_pg,0.86,0.68,1,0.9647618771964926
basin,stag_hunt,standard_pg,0.86,0.725,1,0.9715184168049775
basin,stag_hunt,standard_pg,0.86,0.77,1,0.9667492879304396
basin,stag_hunt,standard_pg,0.86,0.8150000000000001,1,0.9690662569742147
basin,stag_hunt,standard_pg,0.86,0.86,1,0.9738349927942327
basin,stag_hunt,standard_pg,0.86,0.905,1,0.9740060110315225
basin,stag_hunt,standard_pg,0.86,0.95,1,0.9694270172641678
basin,stag_hunt,standard_pg,0.905,0.05,0,0.013695899227131847
basin,stag_hunt,standard_pg,0.905,0.095,0,0.01676983908747068
basin,stag_hunt,standard_pg,0.905,0.14,0,0.022383104342551963
basin,stag_hunt,standard_pg,0.905,0.185,0,0.020147835894602888
basin,stag_hunt,standard_pg,0.905,0.22999999999999998,0,0.026738368917514143
basin,stag_hunt,standard_pg,0.905,0.27499999999999997,1,0.9280156040342815
basin,stag_hunt,standard_pg,0.905,0.32,1,0.9599446268835258
basin,stag_hunt,standard_pg,0.905,0.365,1,0.9636377813881308
basin,stag_hunt,standard_pg,0.905,0.41,1,0.964648682821609
basin,stag_hunt,standard_pg,0.905,0.45499999999999996,1,0.9588314048671389
basin,stag_hunt,standard_pg,0.905,0.49999999999999994,1,0.9689304576653975
basin,stag_hunt,standard_pg,0.905,0.545,1,0.9639894946282012
basin,stag_hunt,standard_pg,0.905,0.5900000000000001,1,0.9703598111478795
basin,stag_hunt,standard_pg,0.905,0.635,1,0.9702663142417461
basin,stag_hunt,standard_pg,0.905,0.68,1,0.9696588174969479
basin,stag_hunt,standard_pg,0.905,0.725,1,0.9711753933610265
basin,stag_hunt,standard_pg,0.905,0.77,1,0.9711631922319411
basin,stag_hunt,standard_pg,0.905,0.8150000000000001,1,0.9749286654870697
basin,stag_hunt,standard_pg,0.905,0.86,1,0.9722382161442362
basin,stag_hunt,standard_pg,0.905,0.905,1,0.976090580963074
basin,stag_hunt,standard_pg,0.905,0.95,1,0.9770016273258395
basin,stag_hunt,standard_pg,0.95,0.05,0,0.017485900618073095
basin,stag_hunt,standard_pg,0.95,0.095,0,0.08977093761269683
basin,stag_hunt,standard_pg,0.95,0.14,1,0.9424450744982166
basin,stag_hunt,standard_pg,0.95,0.185,1,0.9580779601462978
basin,stag_hunt,standard_pg,0.95,0.22999999999999998,1,0.9626748253459171
basin,stag_hunt,standard_pg,0.95,0.27499999999999997,1,0.9627865720933836
basin,stag_hunt,standard_pg,0.95,0.32,1,0.965327794934235
basin,stag_hunt,standard_pg,0.95,0.365,1,0.9661787280244458
basin,stag_hunt,standard_pg,0.95,0.41,1,0.9649292166947614
basin,stag_hunt,standard_pg,0.95,0.45499999999999996,1,0.9640711670484536
basin,stag_hunt,standard_pg,0.95,0.49999999999999994,1,0.9679193344533971
basin,stag_hunt,standard_pg,0.95,0.545,1,0.9619179309986396
basin,stag_hunt,standard_pg,0.95,0.5900000000000001,1,0.9675255110334198
basin,stag_hunt,standard_pg,0.95,0.635,1,0.970622596844018
basin,stag_hunt,standard_pg,0.95,0.68,1,0.972030240033098
basin,stag_hunt,standard_pg,0.95,0.725,1,0.9693405531147052
basin,stag_hunt,standard_pg,0.95,0.77,1,0.975633697064083
basin,stag_hunt,standard_pg,0.95,0.8150000000000001,1,0.9744458939895625
basin,stag_hunt,standard_pg,0.95,0.86,1,0.9734874249195868
basin,stag_hunt,standard_pg,0.95,0.905,1,0.975569770768909
basin,stag_hunt,standard_pg,0.95,0.95,1,0.9792568491660614
basin,stag_hunt,meta_mapg,0.05,0.05,0,0.01070527174951357
basin,stag_hunt,meta_mapg,0.05,0.095,0,0.010433935539003647
basin,stag_hunt,meta_mapg,0.05,0.14,0,0.01043051424137433
basin,stag_hunt,meta_mapg,0.05,0.185,0,0.010593163510434354
basin,stag_hunt,meta_mapg,0.05,0.22999999999999998,0,0.010595031814265092
basin,stag_hunt,meta_mapg,0.05,0.27499999999999997,0,0.011117084851866412
basin,stag_hunt,meta_mapg,0.05,0.32,0,0.010829499827449974
basin,stag_hunt,meta_mapg,0.05,0.365,0,0.01085510963494813
basin,stag_hunt,meta_mapg,0.05,0.41,0,0.010905382351288307
basin,stag_hunt,meta_mapg,0.05,0.45499999999999996,0,0.010678243354814952
basin,stag_hunt,meta_mapg,0.05,0.49999999999999994,0,0.01123923907924633
basin,stag_hunt,meta_mapg,0.05,0.545,0,0.011513592495766264
basin,stag_hunt,meta_mapg,0.05,0.5900000000000001,0,0.011363128048108968
basin,stag_hunt,meta_mapg,0.05,0.635,0,0.011485879154303467
basin,stag_hunt,meta_mapg,0.05,0.68,0,0.011828401041002447
basin,stag_hunt,meta_mapg,0.05,0.725,0,0.012039299289748189
basin,stag_hunt,meta_mapg,0.05,0.77,0,0.012227889377815392
basin,stag_hunt,meta_mapg,0.05,0.8150000000000001,0,0.012380598246755387
basin,stag_hunt,meta_mapg,0.05,0.86,0,0.01353275806332663
basin,stag_hunt,meta_mapg,0.05,0.905,0,0.013306216644787709
basin,stag_hunt,meta_mapg,0.05,0.95,0,0.018435412782724668
basin,stag_hunt,meta_mapg,0.095,0.05,0,0.010572959020971455
basin,stag_hunt,meta_mapg,0.095,0.095,0,0.011753248500237418
basin,stag_hunt,meta_mapg,0.095,0.14,0,0.011596680603324501
basin,stag_hunt,meta_mapg,0.095,0.185,0,0.012573967470411276
basin,stag_hunt,meta_mapg,0.095,0.22999999999999998,0,0.011667761938724867
basin,stag_hunt,meta_mapg,0.095,0.27499999999999997,0,0.012184256336699959
basin,stag_hunt,meta_mapg,0.095,0.32,0,0.011878737506502177
basin,stag_hunt,meta_mapg,0.095,0.365,0,0.012361437265980763
basin,stag_hunt,meta_mapg,0.095,0.41,0,0.011596532872639799
basin,stag_hunt,meta_mapg,0.095,0.45499999999999996,0,0.012919686901542285
basin,stag_hunt,meta_mapg,0.095,0.49999999999999994,0,0.012770136228660774
basin,stag_hunt,meta_mapg,0.095,0.545,0,0.012562890121714916
basin,stag_hunt,meta_mapg,0.095,0.5900000000000001,0,0.012515993565987982
basin,stag_hunt,meta_mapg,0.095,0.635,0,0.01289562503812713
basin,stag_hunt,meta_mapg,0.095,0.68,0,0.012962841293348341
basin,stag_hunt,meta_mapg,0.095,0.725,0,0.013017715152908583
basin,stag_hunt,meta_mapg,0.095,0.77,0,0.014476160170716146
basin,stag_hunt,meta_mapg,0.095,0.8150000000000001,0,0.015134698948424917
basin,stag_hunt,meta_mapg,0.095,0.86,0,0.016036356069522337
basin,stag_hunt,meta_mapg,0.095,0.905,0,0.018189812130443794
basin,stag_hunt,meta_mapg,0.095,0.95,1,0.925717619447731
basin,stag_hunt,meta_mapg,0.14,0.05,0,0.010464376791225092
basin,stag_hunt,meta_mapg,0.14,0.095,0,0.012211180678557327
basin,stag_hunt,meta_mapg,0.14,0.14,0,0.01254732930255046
basin,stag_hunt,meta_mapg,0.14,0.185,0,0.012318399926862504
basin,stag_hunt,meta_mapg,0.14,0.22999999999999998,0,0.012592704383222558
basin,stag_hunt,meta_mapg,0.14,0.27499999999999997,0,0.012753640112560362
basin,stag_hunt,meta_mapg,0.14,0.32,0,0.012773939805174682
basin,stag_hunt,meta_mapg,0.14,0.365,0,0.013485079388363335
basin,stag_hunt,meta_mapg,0.14,0.41,0,0.013105993013165878
basin,stag_hunt,meta_mapg,0.14,0.45499999999999996,0,0.01415564757736332
basin,stag_hunt,meta_mapg,0.14,0.49999999999999994,0,0.013524790476330435
basin,stag_hunt,meta_mapg,0.14,0.545,0,0.01310554608972641
basin,stag_hunt,meta_mapg,0.14,0.5900000000000001,0,0.013960871560261209
basin,stag_hunt,meta_mapg,0.14,0.635,0,0.013575380038660706
basin,stag_hunt,meta_mapg,0.14,0.68,0,0.01462050751214133
basin,stag_hunt,meta_mapg,0.14,0.725,0,0.016278227165417457
basin,stag_hunt,meta_mapg,0.14,0.77,0,0.014648729306964163
basin,stag_hunt,meta_mapg,0.14,0.8150000000000001,0,0.01628427422266367
basin,stag_hunt,meta_mapg,0.14,0.86,0,0.0223659278237186
basin,stag_hunt,meta_mapg,0.14,0.905,0,0.03133429250271088
basin,stag_hunt,meta_mapg,0.14,0.95,1,0.9615762261121752
basin,stag_hunt,meta_mapg,0.185,0.05,0,0.011082902464447446
basin,stag_hunt,meta_mapg,0.185,0.095,0,0.012192839427399224
basin,stag_hunt,meta_mapg,0.185,0.14,0,0.012726022459381158
basin,stag_hunt,meta_mapg,0.185,0.185,0,0.013030575186536804
basin,stag_hunt,meta_mapg,0.185,0.22999999999999998,0,0.01298059647641502
basin,stag_hunt,meta_mapg,0.185,0.27499999999999997,0,0.013773129090303671
basin,stag_hunt,meta_mapg,0.185,0.32,0,0.013409092432380842
basin,stag_hunt,meta_mapg,0.185,0.365,0,0.014009237243682554
basin,stag_hunt,meta_mapg,0.185,0.41,0,0.013283629759085718
basin,stag_hunt,meta_mapg,0.185,0.45499999999999996,0,0.013745040068217291
basin,stag_hunt,meta_mapg,0.185,0.49999999999999994,0,0.013856614959399896
basin,stag_hunt,meta_mapg,0.185,0.545,0,0.014360754295498856
basin,stag_hunt,meta_mapg,0.185,0.5900000000000001,0,0.014543057350420593
basin,stag_hunt,meta_mapg,0.185,0.635,0,0.014280248665591988
basin,stag_hunt,meta_mapg,0.185,0.68,0,0.015650833188892873
basin,stag_hunt,meta_mapg,0.185,0.725,0,0.016336667666735687
basin,stag_hunt,meta_mapg,0.185,0.77,0,0.015382570761920983
basin,stag_hunt,meta_mapg,0.185,0.8150000000000001,0,0.04872025487454661
basin,stag_hunt,meta_mapg,0.185,0.86,0,0.022959725103431132
basin,stag_hunt,meta_mapg,0.185,0.905,1,0.9445593061029484
basin,stag_hunt,meta_mapg,0.185,0.95,1,0.9627840679883471
basin,stag_hunt,meta_mapg,0.22999999999999998,0.05,0,0.010520169984789631
basin,stag_hunt,meta_mapg,0.22999999999999998,0.095,0,0.011581085351062488
basin,stag_hunt,meta_mapg,0.22999999999999998,0.14,0,0.012317109192044436
basin,stag_hunt,meta_mapg,0.22999999999999998,0.185,0,0.01395154023271273
basin,stag_hunt,meta_mapg,0.22999999999999998,0.22999999999999998,0,0.013928034379154642
basin,stag_hunt,meta_mapg,0.22999999999999998,0.27499999999999997,0,0.013397153711629913
basin,stag_hunt,meta_mapg,0.22999999999999998,0.32,0,0.013910635876035202
basin,stag_hunt,meta_mapg,0.22999999999999998,0.365,0,0.014633811858930663
basin,stag_hunt,meta_mapg,0.22999999999999998,0.41,0,0.015402800141578308
basin,stag_hunt,meta_mapg,0.22999999999999998,0.45499999999999996,0,0.015086107094163907
basin,stag_hunt,meta_mapg,0.22999999999999998,0.49999999999999994,0,0.015234961621333634
basin,stag_hunt,meta_mapg,0.22999999999999998,0.545,0,0.014808502823573955
basin,stag_hunt,meta_mapg,0.22999999999999998,0.5900000000000001,0,0.01577524005767072
basin,stag_hunt,meta_mapg,0.22999999999999998,0.635,0,0.014570732657627464
basin,stag_hunt,meta_mapg,0.22999999999999998,0.68,0,0.016994021499226783
basin,stag_hunt,meta_mapg,0.22999999999999998,0.725,0,0.01891690282174073
basin,stag_hunt,meta_mapg,0.22999999999999998,0.77,0,0.033725121654846736
basin,stag_hunt,meta_mapg,0.22999999999999998,0.8150000000000001,0,0.01894378860181858
basin,stag_hunt,meta_mapg,0.22999999999999998,0.86,1,0.9459274358920149
basin,stag_hunt,meta_mapg,0.22999999999999998,0.905,1,0.9719599802747422
basin,stag_hunt,meta_mapg,0.22999999999999998,0.95,1,0.9638062726440997
basin,stag_hunt,meta_mapg,0.27499999999999997,0.05,0,0.010582864170467199
basin,stag_hunt,meta_mapg,0.27499999999999997,0.095,0,0.012235096299154508
basin,stag_hunt,meta_mapg,0.27499999999999997,0.14,0,0.013448229406818737
basin,stag_hunt,meta_mapg,0.27499999999999997,0.185,0,0.013040698506590306
basin,stag_hunt,meta_mapg,0.27499999999999997,0.22999999999999998,0,0.013529012718247954
basin,stag_hunt,meta_mapg,0.27499999999999997,0.27499999999999997,0,0.013595730101753387
basin,stag_hunt,meta_mapg,0.27499999999999997,0.32,0,0.01425640262822839
basin,stag_hunt,meta_mapg,0.27499999999999997,0.365,0,0.013897582369628167
basin,stag_hunt,meta_mapg,0.27499999999999997,0.41,0,0.01415595187117881
basin,stag_hunt,meta_mapg,0.27499999999999997,0.45499999999999996,0,0.015211363354261494
basin,stag_hunt,meta_mapg,0.27499999999999997,0.49999999999999994,0,0.01586936723314956
basin,stag_hunt,meta_mapg,0.27499999999999997,0.545,0,0.015023287978924329
basin,stag_hunt,meta_mapg,0.27499999999999997,0.5900000000000001,0,0.01816168263764322
basin,stag_hunt,meta_mapg,0.27499999999999997,0.635,0,0.016437636992698113
basin,stag_hunt,meta_mapg,0.27499999999999997,0.68,1,0.956755399003633
basin,stag_hunt,meta_mapg,0.27499999999999997,0.725,0,0.01759057869535307
basin,stag_hunt,meta_mapg,0.27499999999999997,0.77,1,0.9471508234275876
basin,stag_hunt,meta_mapg,0.27499999999999997,0.8150000000000001,1,0.9598676423457109
basin,stag_hunt,meta_mapg,0.27499999999999997,0.86,1,0.9510553972024277
basin,stag_hunt,meta_mapg,0.27499999999999997,0.905,1,0.962022226428575
basin,stag_hunt,meta_mapg,0.27499999999999997,0.95,1,0.9701082333990394
basin,stag_hunt,meta_mapg,0.32,0.05,0,0.011112592144623039
basin,stag_hunt,meta_mapg,0.32,0.095,0,0.011758353843911445
basin,stag_hunt,meta_mapg,0.32,0.14,0,0.01356027341462568
basin,stag_hunt,meta_mapg,0.32,0.185,0,0.013041919909610825
basin,stag_hunt,meta_mapg,0.32,0.22999999999999998,0,0.013806690220227982
basin,stag_hunt,meta_mapg,0.32,0.27499999999999997,0,0.014022055090419787
basin,stag_hunt,meta_mapg,0.32,0.32,0,0.014126584573902584
basin,stag_hunt,meta_mapg,0.32,0.365,0,0.01391241797000643
basin,stag_hunt,meta_mapg,0.32,0.41,0,0.014774032857019706
basin,stag_hunt,meta_mapg,0.32,0.45499999999999996,0,0.016855976602113933
basin,stag_hunt,meta_mapg,0.32,0.49999999999999994,0,0.015271804499207084
basin,stag_hunt,meta_mapg,0.32,0.545,0,0.015843004698986977
basin,stag_hunt,meta_mapg,0.32,0.5900000000000001,0,0.016081727363599224
basin,stag_hunt,meta_mapg,0.32,0.635,0,0.017091339708082836
basin,stag_hunt,meta_mapg,0.32,0.68,0,0.018102806487424752
basin,stag_hunt,meta_mapg,0.32,0.725,0,0.017648851724691012
basin,stag_hunt,meta_mapg,0.32,0.77,0,0.03250431581938185
basin,stag_hunt,meta_mapg,0.32,0.8150000000000001,1,0.9196913077138081
basin,stag_hunt,meta_mapg,0.32,0.86,1,0.9602799637105635
basin,stag_hunt,meta_mapg,0.32,0.905,1,0.9569940598947103
basin,stag_hunt,meta_mapg,0.32,0.95,1,0.9658225924475429
basin,stag_hunt,meta_mapg,0.365,0.05,0,0.010913040016176838
basin,stag_hunt,meta_mapg,0.365,0.095,0,0.011955146624959657
basin,stag_hunt,meta_mapg,0.365,0.14,0,0.012997277278289796
basin,stag_hunt,meta_mapg,0.365,0.185,0,0.013823296445743375
basin,stag_hunt,meta_mapg,0.365,0.22999999999999998,0,0.013760440081999555
basin,stag_hunt,meta_mapg,0.365,0.27499999999999997,0,0.014366436648710606
basin,stag_hunt,meta_mapg,0.365,0.32,0,0.01505957097244223
basin,stag_hunt,meta_mapg,0.365,0.365,0,0.01537410719853318
basin,stag_hunt,meta_mapg,0.365,0.41,0,0.014533532705579192
basin,stag_hunt,meta_mapg,0.365,0.45499999999999996,0,0.016052697441530695
basin,stag_hunt,meta_mapg,0.365,0.49999999999999994,0,0.014691812860985809
basin,stag_hunt,meta_mapg,0.365,0.545,0,0.016589015775584182
basin,stag_hunt,meta_mapg,0.365,0.5900000000000001,0,0.01998432062412852
basin,stag_hunt,meta_mapg,0.365,0.635,1,0.9184574238969602
basin,stag_hunt,meta_mapg,0.365,0.68,0,0.026544363799415594
basin,stag_hunt,meta_mapg,0.365,0.725,1,0.9644024727820496
basin,stag_hunt,meta_mapg,0.365,0.77,1,0.9595487901878695
basin,stag_hunt,meta_mapg,0.365,0.8150000000000001,1,0.9613163363161628
basin,stag_hunt,meta_mapg,0.365,0.86,1,0.9618568961430402
basin,stag_hunt,meta_mapg,0.365,0.905,1,0.9693595942957103
basin,stag_hunt,meta_mapg,0.365,0.95,1,0.9619036037820066
basin,stag_hunt,meta_mapg,0.41,0.05,0,0.011433973334667323
basin,stag_hunt,meta_mapg,0.41,0.095,0,0.012156588196062305
basin,stag_hunt,meta_mapg,0.41,0.14,0,0.013516847275454722
basin,stag_hunt,meta_mapg,0.41,0.185,0,0.013601778235800503
basin,stag_hunt,meta_mapg,0.41,0.22999999999999998,0,0.013875467208864439
basin,stag_hunt,meta_mapg,0.41,0.27499999999999997,0,0.015604256783763353
basin,stag_hunt,meta_mapg,0.41,0.32,0,0.014363683485412003
basin,stag_hunt,meta_mapg,0.41,0.365,0,0.0151734768150671
basin,stag_hunt,meta_mapg,0.41,0.41,0,0.01602974914985362
basin,stag_hunt,meta_mapg,0.41,0.45499999999999996,0,0.016593841956412753
basin,stag_hunt,meta_mapg,0.41,0.49999999999999994,1,0.9490098929121896
basin,stag_hunt,meta_mapg,0.41,0.545,0,0.017066972662727244
basin,stag_hunt,meta_mapg,0.41,0.5900000000000001,1,0.9369238853168326
basin,stag_hunt,meta_mapg,0.41,0.635,0,0.028402984198951327
basin,stag_hunt,meta_mapg,0.41,0.68,1,0.9598947935633789
basin,stag_hunt,meta_mapg,0.41,0.725,1,0.9668522864491342
basin,stag_hunt,meta_mapg,0.41,0.77,1,0.9467281745869227
basin,stag_hunt,meta_mapg,0.41,0.8150000000000001,1,0.9578672958917994
basin,stag_hunt,meta_mapg,0.41,0.86,1,0.9628827379039814
basin,stag_hunt,meta_mapg,0.41,0.905,1,0.967079485414713
basin,stag_hunt,meta_mapg,0.41,0.95,1,0.9641839349854924
basin,stag_hunt,meta_mapg,0.45499999999999996,0.05,0,0.01124033725834199
basin,stag_hunt,meta_mapg,0.45499999999999996,0.095,0,0.013144784373398773
basin,stag_hunt,meta_mapg,0.45499999999999996,0.14,0,0.013499376843850495
basin,stag_hunt,meta_mapg,0.45499999999999996,0.185,0,0.013915579506507321
basin,stag_hunt,meta_mapg,0.45499999999999996,0.22999999999999998,0,0.01385756771151272
basin,stag_hunt,meta_mapg,0.45499999999999996,0.27499999999999997,0,0.015236784333480325
basin,stag_hunt,meta_mapg,0.45499999999999996,0.32,0,0.015939380013723893
basin,stag_hunt,meta_mapg,0.45499999999999996,0.365,0,0.015507527792452853
basin,stag_hunt,meta_mapg,0.45499999999999996,0.41,0,0.02469049582575658
basin,stag_hunt,meta_mapg,0.45499999999999996,0.45499999999999996,1,0.9659401445971979
basin,stag_hunt,meta_mapg,0.45499999999999996,0.49999999999999994,1,0.9569777251188656
basin,stag_hunt,meta_mapg,0.45499999999999996,0.545,1,0.960142608357157
basin,stag_hunt,meta_mapg,0.45499999999999996,0.5900000000000001,1,0.9555249591426951
basin,stag_hunt,meta_mapg,0.45499999999999996,0.635,1,0.9606950041638201
basin,stag_hunt,meta_mapg,0.45499999999999996,0.68,1,0.9665732535852611
basin,stag_hunt,meta_mapg,0.45499999999999996,0.725,1,0.9669832860412402
basin,stag_hunt,meta_mapg,0.45499999999999996,0.77,1,0.962627804214004
basin,stag_hunt,meta_mapg,0.45499999999999996,0.8150000000000001,1,0.972349320031722
basin,stag_hunt,meta_mapg,0.45499999999999996,0.86,1,0.9622602519575925
basin,stag_hunt,meta_mapg,0.45499999999999996,0.905,1,0.9598080004911368
basin,stag_hunt,meta_mapg,0.45499999999999996,0.95,1,0.9673640433342221
basin,stag_hunt,meta_mapg,0.49999999999999994,0.05,0,0.010644749732695318
basin,stag_hunt,meta_mapg,0.49999999999999994,0.095,0,0.012858070603903803
basin,stag_hunt,meta_mapg,0.49999999999999994,0.14,0,0.01365916298244951
basin,stag_hunt,meta_mapg,0.49999999999999994,0.185,0,0.014095546172612801
basin,stag_hunt,meta_mapg,0.49999999999999994,0.22999999999999998,0,0.014904931842556729
basin,stag_hunt,meta_mapg,0.49999999999999994,0.27499999999999997,0,0.01544791824707611
basin,stag_hunt,meta_mapg,0.49999999999999994,0.32,0,0.015338977800997813
basin,stag_hunt,meta_mapg,0.49999999999999994,0.365,0,0.0184591034056785
basin,stag_hunt,meta_mapg,0.49999999999999994,0.41,0,0.018828756906443492
basin,stag_hunt,meta_mapg,0.49999999999999994,0.45499999999999996,1,0.9494303313495165
basin,stag_hunt,meta_mapg,0.49999999999999994,0.49999999999999994,0,0.019273310923920525
basin,stag_hunt,meta_mapg,0.49999999999999994,0.545,1,0.9577016763714302
basin,stag_hunt,meta_mapg,0.49999999999999994,0.5900000000000001,1,0.9615705164248273
basin,stag_hunt,meta_mapg,0.49999999999999994,0.635,1,0.9565451543607915
basin,stag_hunt,meta_mapg,0.49999999999999994,0.68,1,0.963957410507732
basin,stag_hunt,meta_mapg,0.49999999999999994,0.725,1,0.9469806942641759
basin,stag_hunt,meta_mapg,0.49999999999999994,0.77,1,0.965151683885674
basin,stag_hunt,meta_mapg,0.49999999999999994,0.8150000000000001,1,0.9637668156479247
basin,stag_hunt,meta_mapg,0.49999999999999994,0.86,1,0.9655579697846702
basin,stag_hunt,meta_mapg,0.49999999999999994,0.905,1,0.9563888575957397
basin,stag_hunt,meta_mapg,0.49999999999999994,0.95,1,0.9681249932774822
basin,stag_hunt,meta_mapg,0.545,0.05,0,0.011261837796521196
basin,stag_hunt,meta_mapg,0.545,0.095,0,0.012750479469115079
basin,stag_hunt,meta_mapg,0.545,0.14,0,0.013369121274488456
basin,stag_hunt,meta_mapg,0.545,0.185,0,0.014682406981330734
basin,stag_hunt,meta_mapg,0.545,0.22999999999999998,0,0.015511880217663174
basin,stag_hunt,meta_mapg,0.545,0.27499999999999997,0,0.015384938916061354
basin,stag_hunt,meta_mapg,0.545,0.32,0,0.01584429194563282
basin,stag_hunt,meta_mapg,0.545,0.365,0,0.01547525523784953
basin,stag_hunt,meta_mapg,0.545,0.41,0,0.026598567010017553
basin,stag_hunt,meta_mapg,0.545,0.45499999999999996,1,0.9476569463392004
basin,stag_hunt,meta_mapg,0.545,0.49999999999999994,0,0.019871526147079207
basin,stag_hunt,meta_mapg,0.545,0.545,1,0.9539051857115126
basin,stag_hunt,meta_mapg,0.545,0.5900000000000001,1,0.9619748707975715
basin,stag_hunt,meta_mapg,0.545,0.635,1,0.9659633079041021
basin,stag_hunt,meta_mapg,0.545,0.68,1,0.9637086344044011
basin,stag_hunt,meta_mapg,0.545,0.725,1,0.9641434105799143
basin,stag_hunt,meta_mapg,0.545,0.77,1,0.9633827120712206
basin,stag_hunt,meta_mapg,0.545,0.8150000000000001,1,0.9653252150766555
basin,stag_hunt,meta_mapg,0.545,0.86,1,0.9653784072052523
basin,stag_hunt,meta_mapg,0.545,0.905,1,0.9693718870382743
basin,stag_hunt,meta_mapg,0.545,0.95,1,0.9698665976907463
basin,stag_hunt,meta_mapg,0.5900000000000001,0.05,0,0.01090947956723108
basin,stag_hunt,meta_mapg,0.5900000000000001,0.095,0,0.013015895281076263
basin,stag_hunt,meta_mapg,0.5900000000000001,0.14,0,0.01371477627478707
basin,stag_hunt,meta_mapg,0.5900000000000001,0.185,0,0.014278657934398437
basin,stag_hunt,meta_mapg,0.5900000000000001,0.22999999999999998,0,0.015324211177918762
basin,stag_hunt,meta_mapg,0.5900000000000001,0.27499999999999997,0,0.01589053763445603
basin,stag_hunt,meta_mapg,0.5900000000000001,0.32,0,0.01605775537620402
basin,stag_hunt,meta_mapg,0.5900000000000001,0.365,0,0.01754010821510838
basin,stag_hunt,meta_mapg,0.5900000000000001,0.41,1,0.9575928386513594
basin,stag_hunt,meta_mapg,0.5900000000000001,0.45499999999999996,1,0.9241037166182595
basin,stag_hunt,meta_mapg,0.5900000000000001,0.49999999999999994,1,0.9597699135392516
basin,stag_hunt,meta_mapg,0.5900000000000001,0.545,1,0.9602594611624523
basin,stag_hunt,meta_mapg,0.5900000000000001,0.5900000000000001,1,0.9666384572877429
basin,stag_hunt,meta_mapg,0.5900000000000001,0.635,1,0.9570833961133164
basin,stag_hunt,meta_mapg,0.5900000000000001,0.68,1,0.9649998306248599
basin,stag_hunt,meta_mapg,0.5900000000000001,0.725,1,0.9630719225280349
basin,stag_hunt,meta_mapg,0.5900000000000001,0.77,1,0.9686812415215218
basin,stag_hunt,meta_mapg,0.5900000000000001,0.8150000000000001,1,0.9709446785892034
basin,stag_hunt,meta_mapg,0.5900000000000001,0.86,1,0.9688883984555089
basin,stag_hunt,meta_mapg,0.5900000000000001,0.905,1,0.9658970733206284
basin,stag_hunt,meta_mapg,0.5900000000000001,0.95,1,0.9687564933876797
basin,stag_hunt,meta_mapg,0.635,0.05,0,0.010833481598073317
basin,stag_hunt,meta_mapg,0.635,0.095,0,0.013227996992928778
basin,stag_hunt,meta_mapg,0.635,0.14,0,0.014046969160622763
basin,stag_hunt,meta_mapg,0.635,0.185,0,0.014739722824528245
basin,stag_hunt,meta_mapg,0.635,0.22999999999999998,0,0.015437473211703311
basin,stag_hunt,meta_mapg,0.635,0.27499999999999997,0,0.024959230694822948
basin,stag_hunt,meta_mapg,0.635,0.32,0,0.017575977858861815
basin,stag_hunt,meta_mapg,0.635,0.365,1,0.9416411203524055
basin,stag_hunt,meta_mapg,0.635,0.41,1,0.925938595182922
basin,stag_hunt,meta_mapg,0.635,0.45499999999999996,1,0.9598431405033099
basin,stag_hunt,meta_mapg,0.635,0.49999999999999994,1,0.9620402721285084
basin,stag_hunt,meta_mapg,0.635,0.545,1,0.9658908994504526
basin,stag_hunt,meta_mapg,0.635,0.5900000000000001,1,0.9647019844126705
basin,stag_hunt,meta_mapg,0.635,0.635,1,0.9651837899753222
basin,stag_hunt,meta_mapg,0.635,0.68,1,0.9661303116337725
basin,stag_hunt,meta_mapg,0.635,0.725,1,0.9599655952684956
basin,stag_hunt,meta_mapg,0.635,0.77,1,0.9655439243382913
basin,stag_hunt,meta_mapg,0.635,0.8150000000000001,1,0.9601492310757634
basin,stag_hunt,meta_mapg,0.635,0.86,1,0.9721047340944472
basin,stag_hunt,meta_mapg,0.635,0.905,1,0.9699788759388748
basin,stag_hunt,meta_mapg,0.635,0.95,1,0.9671410947588255
basin,stag_hunt,meta_mapg,0.68,0.05,0,0.011410782993409871
basin,stag_hunt,meta_mapg,0.68,0.095,0,0.013344259172493596
basin,stag_hunt,meta_mapg,0.68,0.14,0,0.014709818828122133
basin,stag_hunt,meta_mapg,0.68,0.185,0,0.01642628077287553
basin,stag_hunt,meta_mapg,0.68,0.22999999999999998,0,0.01564021370789655
basin,stag_hunt,meta_mapg,0.68,0.27499999999999997,0,0.018299457952045545
basin,stag_hunt,meta_mapg,0.68,0.32,1,0.9580428829113502
basin,stag_hunt,meta_mapg,0.68,0.365,1,0.9510671423249855
basin,stag_hunt,meta_mapg,0.68,0.41,1,0.9671818368015803
basin,stag_hunt,meta_mapg,0.68,0.45499999999999996,1,0.9596202523455039
basin,stag_hunt,meta_mapg,0.68,0.49999999999999994,1,0.9549501680013628
basin,stag_hunt,meta_mapg,0.68,0.545,1,0.9579061021986854
basin,stag_hunt,meta_mapg,0.68,0.5900000000000001,1,0.9679944910277375
basin,stag_hunt,meta_mapg,0.68,0.635,1,0.9679615156392282
basin,stag_hunt,meta_mapg,0.68,0.68,1,0.968095534020502
basin,stag_hunt,meta_mapg,0.68,0.725,1,0.9646741949351152
basin,stag_hunt,meta_mapg,0.68,0.77,1,0.9722136318006883
basin,stag_hunt,meta_mapg,0.68,0.8150000000000001,1,0.9728086971008479
basin,stag_hunt,meta_mapg,0.68,0.86,1,0.9730200553547861
basin,stag_hunt,meta_mapg,0.68,0.905,1,0.9779273330375736
basin,stag_hunt,meta_mapg,0.68,0.95,1,0.9679885226783028
basin,stag_hunt,meta_mapg,0.725,0.05,0,0.011769323037436698
basin,stag_hunt,meta_mapg,0.725,0.095,0,0.01390257976568638
basin,stag_hunt,meta_mapg,0.725,0.14,0,0.014826461709586637
basin,stag_hunt,meta_mapg,0.725,0.185,0,0.016338812698017475
basin,stag_hunt,meta_mapg,0.725,0.22999999999999998,0,0.01575293683137563
basin,stag_hunt,meta_mapg,0.725,0.27499999999999997,0,0.018332576647378192
basin,stag_hunt,meta_mapg,0.725,0.32,1,0.9516378026319188
basin,stag_hunt,meta_mapg,0.725,0.365,0,0.025174354209084603
basin,stag_hunt,meta_mapg,0.725,0.41,1,0.959213231507755
basin,stag_hunt,meta_mapg,0.725,0.45499999999999996,1,0.9543370996239556
basin,stag_hunt,meta_mapg,0.725,0.49999999999999994,1,0.9594592821620118
basin,stag_hunt,meta_mapg,0.725,0.545,1,0.9621594008881825
basin,stag_hunt,meta_mapg,0.725,0.5900000000000001,1,0.9610074902985078
basin,stag_hunt,meta_mapg,0.725,0.635,1,0.9620109740473117
basin,stag_hunt,meta_mapg,0.725,0.68,1,0.971766031439533
basin,stag_hunt,meta_mapg,0.725,0.725,1,0.9625794835959318
basin,stag_hunt,meta_mapg,0.725,0.77,1,0.9684331923441537
basin,stag_hunt,meta_mapg,0.725,0.8150000000000001,1,0.9610033591030637
basin,stag_hunt,meta_mapg,0.725,0.86,1,0.9665389385110191
basin,stag_hunt,meta_mapg,0.725,0.905,1,0.9721578760916146
basin,stag_hunt,meta_mapg,0.725,0.95,1,0.9729855394851227
basin,stag_hunt,meta_mapg,0.77,0.05,0,0.012100170771635832
basin,stag_hunt,meta_mapg,0.77,0.095,0,0.01445427955468594
basin,stag_hunt,meta_mapg,0.77,0.14,0,0.014905571465864147
basin,stag_hunt,meta_mapg,0.77,0.185,0,0.020177542522893836
basin,stag_hunt,meta_mapg,0.77,0.22999999999999998,0,0.018521632409978832
basin,stag_hunt,meta_mapg,0.77,0.27499999999999997,1,0.9512464884272479
basin,stag_hunt,meta_mapg,0.77,0.32,1,0.9464481033008069
basin,stag_hunt,meta_mapg,0.77,0.365,1,0.9650679790215522
basin,stag_hunt,meta_mapg,0.77,0.41,1,0.9564654654849736
basin,stag_hunt,meta_mapg,0.77,0.45499999999999996,1,0.9648273036478007
basin,stag_hunt,meta_mapg,0.77,0.49999999999999994,1,0.9652821753904423
basin,stag_hunt,meta_mapg,0.77,0.545,1,0.9666735268705494
basin,stag_hunt,meta_mapg,0.77,0.5900000000000001,1,0.9713991062705546
basin,stag_hunt,meta_mapg,0.77,0.635,1,0.9672555979550064
basin,stag_hunt,meta_mapg,0.77,0.68,1,0.9664859834119814
basin,stag_hunt,meta_mapg,0.77,0.725,1,0.9648305902289884
basin,stag_hunt,meta_mapg,0.77,0.77,1,0.9704546709861879
basin,stag_hunt,meta_mapg,0.77,0.8150000000000001,1,0.971097743013212
basin,stag_hunt,meta_mapg,0.77,0.86,1,0.9758591024826999
basin,stag_hunt,meta_mapg,0.77,0.905,1,0.9712563545629233
basin,stag_hunt,meta_mapg,0.77,0.95,1,0.9679524632806208
basin,stag_hunt,meta_mapg,0.8150000000000001,0.05,0,0.013249274710135575
basin,stag_hunt,meta_mapg,0.8150000000000001,0.095,0,0.01369921528982069
basin,stag_hunt,meta_mapg,0.8150000000000001,0.14,0,0.01573763296205067
basin,stag_hunt,meta_mapg,0.8150000000000001,0.185,0,0.01881568426877342
basin,stag_hunt,meta_mapg,0.8150000000000001,0.22999999999999998,1,0.9505231562926528
basin,stag_hunt,meta_mapg,0.8150000000000001,0.27499999999999997,0,0.03204111407275172
basin,stag_hunt,meta_mapg,0.8150000000000001,0.32,1,0.9601115794199301
basin,stag_hunt,meta_mapg,0.8150000000000001,0.365,1,0.9557155801697755
basin,stag_hunt,meta_mapg,0.8150000000000001,0.41,1,0.9616823690616757
basin,stag_hunt,meta_mapg,0.8150000000000001,0.45499999999999996,1,0.9544770070162839
basin,stag_hunt,meta_mapg,0.8150000000000001,0.49999999999999994,1,0.9629432239547813
basin,stag_hunt,meta_mapg,0.8150000000000001,0.545,1,0.959695991063331
basin,stag_hunt,meta_mapg,0.8150000000000001,0.5900000000000001,1,0.9663732349463459
basin,stag_hunt,meta_mapg,0.8150000000000001,0.635,1,0.9712351321299277
basin,stag_hunt,meta_mapg,0.8150000000000001,0.68,1,0.9705974835662226
basin,stag_hunt,meta_mapg,0.8150000000000001,0.725,1,0.9733324358738796
basin,stag_hunt,meta_mapg,0.8150000000000001,0.77,1,0.9716229597695571
basin,stag_hunt,meta_mapg,0.8150000000000001,0.8150000000000001,1,0.9692664738748117
basin,stag_hunt,meta_mapg,0.8150000000000001,0.86,1,0.9721175604071858
basin,stag_hunt,meta_mapg,0.8150000000000001,0.905,1,0.9705961946080377
basin,stag_hunt,meta_mapg,0.8150000000000001,0.95,1,0.9764755063814786
basin,stag_hunt,meta_mapg,0.86,0.05,0,0.01316201889705242
basin,stag_hunt,meta_mapg,0.86,0.095,0,0.014814941365288626
basin,stag_hunt,meta_mapg,0.86,0.14,0,0.019116405487978216
basin,stag_hunt,meta_mapg,0.86,0.185,1,0.9402831535553434
basin,stag_hunt,meta_mapg,0.86,0.22999999999999998,0,0.019791122667971277
basin,stag_hunt,meta_mapg,0.86,0.27499999999999997,1,0.9528986735696758
basin,stag_hunt,meta_mapg,0.86,0.32,1,0.9612119431646883
basin,stag_hunt,meta_mapg,0.86,0.365,1,0.9680674301397671
basin,stag_hunt,meta_mapg,0.86,0.41,1,0.9621253163547271
basin,stag_hunt,meta_mapg,0.86,0.45499999999999996,1,0.9657463949667202
basin,stag_hunt,meta_mapg,0.86,0.49999999999999994,1,0.9583399670630819
basin,stag_hunt,meta_mapg,0.86,0.545,1,0.9723105748378911
basin,stag_hunt,meta_mapg,0.86,0.5900000000000001,1,0.964766115777089
basin,stag_hunt,meta_mapg,0.86,0.635,1,0.9654193347133
basin,stag_hunt,meta_mapg,0.86,0.68,1,0.9711597604258448
basin,stag_hunt,meta_mapg,0.86,0.725,1,0.9695319066731657
basin,stag_hunt,meta_mapg,0.86,0.77,1,0.9699516320503906
basin,stag_hunt,meta_mapg,0.86,0.8150000000000001,1,0.9700841993896854
basin,stag_hunt,meta_mapg,0.86,0.86,1,0.9701164116914011
basin,stag_hunt,meta_mapg,0.86,0.905,1,0.976891106063421
basin,stag_hunt,meta_mapg,0.86,0.95,1,0.9779188621329094
basin,stag_hunt,meta_mapg,0.905,0.05,0,0.01392626182584084
basin,stag_hunt,meta_mapg,0.905,0.095,0,0.018048649617013388
basin,stag_hunt,meta_mapg,0.905,0.14,0,0.020788622639942148
basin,stag_hunt,meta_mapg,0.905,0.185,1,0.9536825758030367
basin,stag_hunt,meta_mapg,0.905,0.22999999999999998,1,0.9360263888290532
basin,stag_hunt,meta_mapg,0.905,0.27499999999999997,1,0.9634632193446996
basin,stag_hunt,meta_mapg,0.905,0.32,1,0.9631146727554866
basin,stag_hunt,meta_mapg,0.905,0.365,1,0.9645820703130713
basin,stag_hunt,meta_mapg,0.905,0.41,1,0.9667706867152697
basin,stag_hunt,meta_mapg,0.905,0.45499999999999996,1,0.9677464730992211
basin,stag_hunt,meta_mapg,0.905,0.49999999999999994,1,0.9697085047913475
basin,stag_hunt,meta_mapg,0.905,0.545,1,0.970838491630916
basin,stag_hunt,meta_mapg,0.905,0.5900000000000001,1,0.9692662147441973
basin,stag_hunt,meta_mapg,0.905,0.635,1,0.9689119260735417
basin,stag_hunt,meta_mapg,0.905,0.68,1,0.9730471418928194
basin,stag_hunt,meta_mapg,0.905,0.725,1,0.973942684724284
basin,stag_hunt,meta_mapg,0.905,0.77,1,0.9729207486224538
basin,stag_hunt,meta_mapg,0.905,0.8150000000000001,1,0.9705851831253919
basin,stag_hunt,meta_mapg,0.905,0.86,1,0.9792024423241945
basin,stag_hunt,meta_mapg,0.905,0.905,1,0.9714757179405473
basin,stag_hunt,meta_mapg,0.905,0.95,1,0.9766592854342794
basin,stag_hunt,meta_mapg,0.95,0.05,0,0.017234313063942238
basin,stag_hunt,meta_mapg,0.95,0.095,0,0.020305567384663294
basin,stag_hunt,meta_mapg,0.95,0.14,1,0.9464825241241628
basin,stag_hunt,meta_mapg,0.95,0.185,1,0.9560721431341095
basin,stag_hunt,meta_mapg,0.95,0.22999999999999998,1,0.959245714210125
basin,stag_hunt,meta_mapg,0.95,0.27499999999999997,1,0.9661674339699401
basin,stag_hunt,meta_mapg,0.95,0.32,1,0.9726924163979069
basin,stag_hunt,meta_mapg,0.95,0.365,1,0.9690912379548081
basin,stag_hunt,meta_mapg,0.95,0.41,1,0.9677765611046442
basin,stag_hunt,meta_mapg,0.95,0.45499999999999996,1,0.9616974002151968
basin,stag_hunt,meta_mapg,0.95,0.49999999999999994,1,0.9714118968768987
basin,stag_hunt,meta_mapg,0.95,0.545,1,0.9686627833247186
basin,stag_hunt,meta_mapg,0.95,0.5900000000000001,1,0.967632916877476
basin,stag_hunt,meta_mapg,0.95,0.635,1,0.9725940236541627
basin,stag_hunt,meta_mapg,0.95,0.68,1,0.9726952509256739
basin,stag_hunt,meta_mapg,0.95,0.725,1,0.9724497800162857
basin,stag_hunt,meta_mapg,0.95,0.77,1,0.9694517359810558
basin,stag_hunt,meta_mapg,0.95,0.8150000000000001,1,0.9753496377568603
basin,stag_hunt,meta_mapg,0.95,0.86,1,0.9741800833674383
basin,stag_hunt,meta_mapg,0.95,0.905,1,0.9790815377688882
basin,stag_hunt,meta_mapg,0.95,0.95,1,0.9808131713984665
